outcode,outcode_lat,outcode_lon,n_properties,crime_anti_social_behaviour,crime_bicycle_theft,crime_burglary,crime_criminal_damage_and_arson,crime_drugs,crime_other_crime,crime_other_theft,crime_possession_of_weapons,crime_public_order,crime_robbery,crime_shoplifting,crime_theft_from_the_person,crime_vehicle_crime,crime_violence_and_sexual_offences,crime_total,census_denom_total,census_employed_total_perc,census_retired_perc,census_unemployed_perc,census_age_16_to_34_perc,census_age_65_plus_perc,census_level4_perc,census_no_qualifications_perc,poi_bakery,poi_bank,poi_bar,poi_bus_station,poi_cafe,poi_clinic,poi_community_centre,poi_conference_centre,poi_coworking_space,poi_disused,poi_doctors,poi_dojo,poi_fast_food,poi_ferry_terminal,poi_leisure_centre,poi_library,poi_office,poi_pub,poi_restaurant,poi_serviced_office,poi_stock_exchange,poi_townhall,poi_university,poi_vehicle_inspection,poi_total
E1,51.51701399646018,-0.060880095929203536,2260,3949,386,429,431,699,76,698,54,568,233,142,395,624,2230,10914,745.7216494845361,52.448758599076314,6.852867545366177,4.7500185328398254,42.31184682010805,6.805124136471967,42.507906334454724,20.218979901752153,0,0,5,0,54,0,0,0,0,0,0,0,72,0,0,3,0,20,58,0,0,0,2,0,214
E10,51.56721388182521,-0.013403698066511987,3879,2266,99,248,331,386,69,554,39,380,160,217,151,705,1710,7315,770.1024390243903,60.33666129235495,9.132168028116679,4.841756409817581,32.286031640846986,8.503909779647815,42.69468955370559,19.1356220444032,0,0,11,0,38,0,0,0,1,0,0,0,37,0,0,2,0,11,46,0,0,0,0,0,146
E11,51.57029684751787,0.015043425439443692,5177,1340,49,217,219,200,46,404,16,262,101,123,85,472,1031,4565,620.1678832116788,62.100221715399044,14.333071163668004,3.957206000491428,27.928929797757572,13.0977351824068,50.591217844163126,14.5380714995023,0,0,7,0,35,0,0,0,0,0,0,0,27,0,0,4,0,11,51,0,0,0,0,0,135
E12,51.55326257404182,0.04927900801393728,1722,11171,345,1787,2160,1872,444,3287,209,2235,901,1784,1172,3719,11259,42345,804.9281045751634,52.07735257930744,10.239972100301927,4.366559786975308,30.001957788011293,9.24753830239349,38.592830931288894,20.97895187460685,0,0,5,2,80,0,0,0,0,0,0,0,116,0,0,11,0,35,108,0,0,0,0,0,357
E13,51.52735177765616,0.028041879781068896,1553,2336,61,343,441,396,90,684,56,496,189,165,285,719,2186,8447,1906.1097046413502,53.32061782203095,8.602898312539836,5.3513533847193395,32.556558980819005,8.091064860123627,35.72320121551539,23.669792962848238,0,0,3,0,42,0,0,0,0,0,0,0,61,0,0,2,0,9,74,0,0,0,0,0,191
E14,51.50432273014201,-0.017426048648648648,2183,4319,345,620,578,414,86,726,44,532,184,266,166,966,2426,11672,661.0887372013652,62.632568295724525,4.89087748406616,4.6012385413320835,45.27517877098497,4.544073165158493,55.013629455436124,13.844147424220097,0,0,28,1,88,1,0,1,0,0,0,0,141,0,0,3,0,22,142,0,0,0,2,0,429
E15,51.54023756779197,0.002888121897810219,2192,2797,190,373,387,519,87,1178,60,519,349,1002,987,638,2042,11128,690.7511520737327,62.30963566639316,6.3266579749461815,5.133700534797225,42.914477909946555,6.014253304914839,49.62220720166472,15.403088507609688,0,0,10,2,96,0,0,0,0,0,0,0,71,0,0,2,0,16,114,0,0,0,4,0,315
E16,51.50853816792144,0.027860297749590833,2444,1732,61,319,319,223,72,403,29,269,108,58,52,626,1279,5550,600.62,67.0161114950905,4.802957739561918,4.743141467473706,45.1122225210394,4.398105580984371,54.87553527709357,13.836176767036745,0,0,14,2,44,0,0,0,0,0,0,0,29,1,0,2,0,7,41,0,0,0,0,0,140
E17,51.586326871265754,-0.02144728274336283,7458,3210,228,426,518,474,86,775,58,565,333,474,421,986,2438,10992,1459.921052631579,63.78291201706737,9.002804162230508,4.718764643403628,30.558765947609412,7.992537923885958,48.52189070321015,16.967755905256606,0,0,11,0,95,0,0,0,0,0,0,0,72,0,0,2,0,23,80,0,0,0,1,0,284
E18,51.59326313110119,0.025361318125,3360,2816,57,549,534,281,119,698,42,486,126,260,90,1698,2639,10395,4967.78962536023,59.004677917490625,16.508142558299546,3.535736361458864,25.282288852919937,14.525901699634316,45.255759279970995,15.2932245762569,0,0,2,0,36,0,0,0,0,0,0,0,48,0,0,5,0,16,44,0,0,0,0,0,151
E1W,51.50697834796748,-0.06353041788617886,123,1527,133,239,121,172,23,293,12,152,70,54,139,166,640,3741,598.2741935483871,68.42335967156423,6.5722818697118255,3.937275619240642,42.43877117652618,6.635057762606309,62.69396175503892,11.260387334217915,0,0,12,0,16,0,0,0,0,0,0,1,12,0,0,0,0,23,25,0,0,0,1,0,90
E2,51.530108748493845,-0.06489900500636402,2357,3193,510,454,367,454,86,496,41,462,257,116,594,663,1609,9302,666.8032786885246,58.89146880557507,7.216993611063775,4.855240576728899,41.50045564963556,7.23635762803017,49.56367153869632,17.629310188462135,0,0,17,0,62,0,0,0,0,0,0,0,48,0,0,3,0,32,54,0,0,0,0,0,216
E3,51.52875400588582,-0.025482737669217187,1699,4690,418,591,539,499,107,739,39,596,221,116,372,900,2643,12470,1509.8026315789473,59.250372706422,5.767103676466641,4.826768421114051,43.31857413645495,5.50429783472476,49.18491957633482,16.623243221101742,0,0,6,1,66,0,0,0,0,0,0,0,54,0,0,3,0,22,28,0,0,0,1,0,181
E4,51.62100727166473,-0.0065519678230500575,4295,1202,17,266,286,160,40,346,21,223,70,99,42,796,1242,4810,2921.0,50.163514456290834,11.62697917122451,6.393141617928037,30.726804518828132,12.1176345052843,27.985054234282767,26.3304405605142,0,0,5,1,27,0,0,0,0,0,0,0,34,0,0,3,0,12,38,0,0,0,0,0,120
E5,51.5584239930814,-0.051514814883720936,3440,1926,164,414,279,185,44,361,38,316,183,70,141,565,1389,6075,668.5443037974684,59.08959302582405,8.983551286519829,5.074916699638768,34.150486959274545,8.599896778918792,47.07266027766526,18.673849067016917,0,0,5,0,24,0,0,0,0,0,0,0,24,0,0,1,0,12,22,0,0,0,0,0,88
E6,51.52575683305322,0.053925995471521944,2142,3493,115,471,660,948,124,1322,69,699,375,826,717,1322,3277,14418,725.8954248366013,53.699326704516636,7.716127120015247,4.937238952936136,30.77667906525048,7.043035587774809,36.134508034967716,21.641038442253596,0,0,5,1,52,0,0,0,0,0,0,0,82,0,0,4,0,7,44,0,0,0,1,0,196
E7,51.54925750564814,0.025282050555555557,2160,1831,55,188,363,238,71,422,30,314,121,67,173,526,1655,6054,701.2486772486773,54.6227988143181,9.389495772382535,5.0805948086774375,31.68551336842021,8.343600761896095,38.38846460785007,21.696011392557036,1,0,7,0,36,0,0,0,0,0,0,0,19,0,0,1,0,7,71,0,0,0,0,0,142
E8,51.54444620440221,-0.06648928320904499,4157,2598,359,544,297,336,58,631,52,486,289,240,717,641,1693,8941,1721.945652173913,64.28136599147379,8.065558985784442,5.048169872567995,39.40598781635216,8.490575520819881,56.96580321895191,14.595106173185922,0,0,35,0,56,0,0,0,0,0,0,0,44,0,0,3,0,22,70,0,0,0,0,0,230
E9,51.54365882370286,-0.044669816075985254,3527,1932,233,363,314,270,70,481,41,458,177,168,383,527,1752,7169,692.0718562874251,58.932380419748554,8.36652558499458,5.429989456114484,35.64936269175134,8.393069992027524,48.638621413362,17.579642158408905,0,0,12,0,54,0,0,0,0,0,0,0,44,0,0,1,0,21,46,0,0,0,2,0,180
EC1A,51.51835676175824,-0.0995868243956044,910,0,4,2,1,1,1,10,0,0,2,0,9,14,3,47,438.6,70.87754338457694,10.1395762174084,3.6677709426789376,48.35897986148388,11.545578961261876,82.32219007824911,4.222179679799941,0,2,5,0,12,0,0,0,0,0,0,0,3,0,0,0,0,7,13,0,0,0,1,0,43
EC1M,51.52162004229607,-0.10212173645518631,993,95,26,63,21,14,4,122,0,25,22,30,104,21,94,641,512.4285714285714,62.18916451301045,8.471328393930182,2.5999305406637467,49.6988013598576,8.749351537202433,67.7433245437102,6.02702243916586,0,0,9,0,24,0,0,0,0,0,0,0,17,0,0,1,0,21,39,0,0,0,2,0,113
EC1N,51.52036763782945,-0.10908466465116279,645,304,24,55,31,22,3,97,0,34,25,24,64,48,129,860,705.8235294117648,51.464155373200356,9.738768809796312,5.558384311961155,36.887476704959106,10.294012410895215,50.760956316805895,15.16761999971692,0,0,4,0,20,0,0,0,0,0,0,0,15,0,0,0,0,15,20,0,0,0,0,0,74
EC1R,51.52654092780847,-0.10784414797421732,1086,522,103,82,73,70,12,274,7,173,57,183,223,48,347,2174,663.6176470588235,62.21005229308712,9.709384612997258,3.9585815193292975,42.097774602488215,10.07695396300268,60.67479276406963,11.475764842722572,0,0,6,0,37,0,0,0,0,0,0,0,29,0,0,2,0,22,54,0,0,0,1,0,151
EC1V,51.527226633301616,-0.09785809219790677,1051,929,70,150,90,83,8,170,3,93,57,31,203,158,423,2468,397.4307692307692,59.791477133425474,6.5802893817526025,4.22401871028504,44.15076900718436,6.560197732599477,56.78544760246666,13.562379728168011,0,0,2,0,16,0,0,0,0,0,0,0,11,0,0,1,1,8,11,0,0,0,1,0,51
EC1Y,51.52330574212524,-0.09195584117647058,1054,261,67,62,59,25,4,165,2,67,49,41,179,126,237,1344,745.1034482758621,55.522971019398376,10.652961900702659,4.692213369302612,42.63218885544089,10.979856036454253,51.81960685446803,14.840510203051736,0,0,6,0,16,0,0,0,0,0,0,0,20,0,0,0,0,10,32,0,0,0,2,0,86
EC2A,51.52351986224066,-0.08119551369294606,723,1517,221,272,183,242,13,818,22,199,282,63,833,262,1013,5940,627.0,66.94934397402456,4.03987302871065,4.263100165230378,53.65702865756541,4.41717640234327,62.75379597592718,11.530364397954477,0,0,59,0,81,0,0,0,0,0,0,0,78,0,0,2,0,37,119,0,0,0,2,0,378
EC2M,51.51727882162162,-0.08037825945945945,74,376,55,54,32,55,6,177,5,46,21,43,68,48,155,1141,1671.7777777777778,51.524781731351204,4.096365169350614,4.064084967248683,58.16142967289972,4.883793826388224,62.35206406661749,13.6437537860429,0,0,17,0,65,0,0,0,0,0,0,0,83,0,0,0,0,24,124,0,0,0,3,0,316
EC2R,51.5147535,-0.0885549,8,0,2,1,3,0,0,13,0,0,2,3,8,1,4,37,5851.333333333333,69.08141444586033,9.090183239557444,3.3190713828079534,45.396234312643,10.588379628627337,75.15530880946666,6.3455211523655635,0,0,5,0,26,0,0,0,0,0,0,0,14,0,0,0,0,7,17,0,0,1,1,0,71
EC2V,51.5151109,-0.09615,7,0,2,0,2,0,0,8,0,0,2,6,6,0,0,26,142.0,76.7605633802817,11.9718309859155,0.704225352112676,48.2993197278912,11.5646258503401,84.1726618705036,3.59712230215827,0,0,8,0,14,0,0,0,0,0,0,0,22,0,0,1,0,4,25,0,1,0,0,0,75
EC2Y,51.519899309453955,-0.09414735061124695,1227,22,6,3,5,1,0,24,0,7,4,24,34,5,17,152,376.4375,64.05500371363388,21.236892610239913,2.940812574803047,26.40252018784638,23.732112437363256,80.58662836699953,3.73836220783941,0,0,2,0,8,0,0,0,0,0,0,0,6,0,0,1,0,2,10,0,0,0,1,0,30
EC3A,51.5154629,-0.079756874,100,127,42,33,21,20,5,81,1,28,10,6,40,50,88,552,403.6,56.214682561524455,5.733417751289332,5.063049139015081,52.4570551040954,5.3913913495013315,52.164683372737976,14.263529293161819,0,0,15,0,34,0,0,0,0,0,0,0,24,0,0,2,0,12,39,0,0,0,2,0,128
EC3M,51.510846,-0.0849571,2,5,3,1,3,1,0,22,0,2,5,2,6,0,8,58,0.0,0.0,0.0,0.0,0.0,0.0,0.0,0.0,0,0,10,0,22,0,0,0,0,0,0,0,24,0,0,0,0,6,19,0,0,0,0,0,81
EC3N,51.51110634571429,-0.07727670428571429,280,353,48,54,24,37,3,95,2,43,21,6,46,32,128,892,453.6818181818182,64.57286136977962,3.5016637372407327,3.4806608511639308,58.26954278066825,3.3321963642282806,63.30725991432375,8.881290384623906,0,0,13,1,29,0,0,0,0,0,0,0,20,0,0,0,0,23,44,0,0,0,0,0,130
EC3R,51.509095783018864,-0.08231458238993711,318,523,194,64,45,196,9,398,10,109,78,24,277,55,330,2312,728.6538461538462,71.12075453830658,5.112082244970425,3.868291901150533,50.6692067532573,5.153034935101358,70.31390467163197,6.799928458468343,1,0,21,1,32,0,0,0,0,0,0,0,41,0,0,0,0,30,61,0,0,0,0,0,187
EC3V,51.51339751176471,-0.0853960705882353,17,0,0,1,0,0,0,7,1,1,1,3,6,2,3,25,343.0,74.0524781341108,0.87463556851312,2.33236151603499,72.7536231884058,3.18840579710145,70.3488372093023,4.94186046511628,0,0,12,0,10,0,0,0,0,0,0,0,19,0,0,0,0,15,22,0,0,0,0,0,78
EC4A,51.51527550179775,-0.10923878359550562,445,1,5,1,0,0,1,15,0,0,3,3,17,1,6,53,594.0,64.2492328305071,4.966100269646103,2.4844299185962866,53.96064870468063,6.543734937593697,82.59505350704006,4.14434751582981,0,0,8,0,13,0,0,0,0,0,0,0,14,0,0,2,0,5,17,0,0,0,0,0,59
EC4M,51.5138629969697,-0.10151302525252524,99,0,1,2,1,4,0,14,0,4,0,3,5,0,6,40,338.0,61.2426035502959,3.84615384615385,3.25443786982249,46.195652173913,5.43478260869565,68.1681681681682,11.7117117117117,0,0,7,0,17,0,0,0,0,0,0,0,20,0,0,0,0,10,20,0,0,0,0,0,74
EC4R,51.51147462302632,-0.09164990263157895,152,98,27,14,7,9,0,107,0,13,4,7,27,12,30,355,352.5,79.13017789792315,5.90227754665976,2.196610388979715,51.2314651922594,7.30969945153231,83.3862433862434,2.904354904354905,1,0,9,0,16,0,0,0,0,0,0,0,35,0,0,0,0,16,51,0,0,0,0,0,128
EC4V,51.511280877298056,-0.09774088718662952,718,135,54,37,27,26,2,101,1,20,21,19,47,8,52,550,533.4444444444445,53.31403634501941,10.330037129384745,3.983118038378464,41.698151611176954,11.23639864154545,52.954430697607435,11.558439798449387,0,0,5,0,22,0,0,0,0,0,0,0,10,0,0,0,0,4,21,0,0,0,0,0,62
EC4Y,51.51283431428571,-0.10721459788359788,189,135,45,31,32,38,3,97,1,37,31,8,57,22,114,651,392.2,57.853386606908295,11.030122077269398,3.5970199874621933,38.94596850467869,12.384650533429191,56.27579910139629,12.476832541014154,0,0,8,0,16,0,0,0,0,0,0,0,9,0,0,2,0,14,19,0,0,0,1,0,69
IG8,51.6036104,0.0014009,1,1051,35,179,185,144,33,359,12,175,58,64,33,559,736,3623,828.1395348837209,61.3139081533316,11.978885400082282,4.391141927267038,26.52589417078469,10.122536803982092,42.293491864990656,16.615478029964116,0,0,3,0,25,0,0,0,0,0,0,0,11,0,0,1,0,6,26,0,0,0,0,0,72
N1,51.536908153787316,-0.09207122718283582,5360,1940,298,457,296,232,37,511,31,370,201,149,623,571,1424,7140,693.2604651162791,63.035327808575445,9.400789701481804,4.187375483273525,37.58025366909979,9.432342283169321,57.431169871267045,14.295620429363993,0,0,14,0,56,0,0,0,0,0,0,0,30,0,0,1,0,42,85,0,0,0,1,0,229
N10,51.59427081389542,-0.1452160081962397,3404,730,46,189,128,45,11,194,7,128,88,92,86,370,455,2569,596.0471698113207,63.44869489584638,14.697387810171994,3.5677029431937513,22.54222753986382,14.08010592650746,63.778647743532524,9.025172102427229,0,0,2,0,30,0,0,0,0,0,0,0,13,0,0,3,0,8,27,0,0,0,0,0,83
N11,51.61262773870072,-0.13769812443087173,1801,850,19,209,180,79,41,172,15,167,68,178,34,504,783,3299,1087.2105263157894,59.10250883503076,13.319903570716857,4.559762012964214,25.32966359025457,12.02627099562147,47.13664550855634,16.179307674967994,0,0,0,0,14,0,0,0,0,0,0,0,13,0,0,2,0,2,3,0,0,0,0,0,34
N12,51.61498033480278,-0.17805668341067285,1724,812,14,141,121,71,22,208,8,146,63,89,62,329,576,2662,922.8571428571429,56.12654632305024,16.814611182878586,3.9102074441813084,23.287848194507564,15.832983040539935,49.18769433395493,16.441234517031685,0,0,3,0,25,0,0,0,0,0,0,0,23,0,0,1,0,7,35,0,0,0,0,0,94
N13,51.61702590353569,-0.10434224649766512,1499,1114,29,241,175,73,24,226,10,192,86,162,37,680,756,3805,2216.75,58.06247836825312,13.282203191316341,4.557156358973172,28.283578315324206,12.57809959888032,39.846524110554284,22.887822550447797,0,0,5,0,21,0,0,0,0,0,0,0,14,0,0,1,0,4,14,0,0,0,0,0,59
N14,51.6338452408,-0.13038783599999998,1500,873,10,244,118,45,32,190,12,139,71,113,34,565,652,3098,0.0,0.0,0.0,0.0,0.0,0.0,0.0,0.0,0,0,0,0,31,0,0,0,0,0,0,0,20,0,0,4,0,9,45,0,0,0,0,0,109
N15,51.583048653140004,-0.0815259354714807,5207,3142,125,523,473,204,56,615,33,546,372,205,270,1246,2175,9985,707.4063926940639,58.96801540061301,9.04855570236593,5.199412660617243,32.44622054413693,8.98118390330409,39.01990917282342,24.04879526629342,0,0,4,0,38,0,0,0,0,0,0,0,30,0,0,2,0,9,33,0,0,0,0,0,116
N16,51.561791610441986,-0.07690250011049725,7240,2098,261,476,328,216,45,485,29,400,176,68,228,510,1242,6562,660.6868686868687,62.64739909078398,8.460571652890952,4.275960676310038,33.37200989585211,8.459098121303896,49.12393679488438,19.02557320794665,0,0,9,0,46,0,0,0,1,0,0,0,30,0,0,3,0,18,30,0,0,0,0,0,137
N17,51.598627829877216,-0.07233950346180082,5864,2595,90,450,427,281,62,563,38,459,281,103,212,1204,2179,8944,757.2287234042553,52.94606443480338,9.55638042760815,5.729462045400754,31.17443465383096,9.273892820599123,34.34357730157311,25.665329758734245,0,0,1,1,20,0,0,0,0,0,0,0,28,0,0,1,0,21,10,0,0,0,0,0,82
N18,51.614417583680265,-0.06978110174854288,1201,2251,31,321,386,296,94,684,31,375,205,112,147,1210,1707,7850,801.5714285714286,51.569317746900985,8.95011473021558,5.535816882092176,30.2357565823133,8.352300871573194,30.278548690405223,29.32621767397928,0,0,0,0,6,0,0,0,0,0,0,0,11,0,0,1,0,6,6,0,0,0,0,0,30
N19,51.56518804843569,-0.13013694107763615,1726,2207,103,304,306,143,52,324,32,351,133,168,155,508,1347,6133,638.4659090909091,59.73423718216893,10.628641505448511,4.487483103153697,34.38990494677598,10.897867961149423,54.66804116231993,15.061033477221168,0,0,1,0,39,0,0,0,0,0,0,0,39,0,0,3,0,16,27,0,0,0,0,0,125
N2,51.5900954972058,-0.1679522482536271,1861,661,22,173,96,31,18,112,6,105,38,17,25,269,409,1982,669.1935483870968,60.383025460593444,16.377858768663856,3.618337661691391,24.39613518914603,16.14663709839761,60.8729045836511,10.509546301324685,0,0,1,0,7,0,0,0,0,0,0,0,7,0,0,1,0,3,8,0,0,0,0,0,27
N20,51.628951900000004,-0.17340348358422938,1395,1603,32,347,275,111,66,425,18,339,103,280,84,903,1545,6131,0.0,0.0,0.0,0.0,0.0,0.0,0.0,0.0,0,0,1,0,35,0,0,0,0,0,0,0,25,0,0,1,0,21,37,0,0,0,0,0,120
N21,51.63688263037652,-0.1005647158264199,1567,1667,37,423,344,155,67,506,15,309,128,328,181,946,1683,6789,257182.0,54.1830299165571,15.6049023648622,4.08854429936776,25.6851847362296,13.6409644103957,36.3054179530449,22.4794114673655,0,0,0,0,40,0,0,0,0,0,1,0,24,0,0,3,0,27,43,0,0,0,0,0,138
N22,51.600367126156044,-0.11092725447241564,5601,2029,80,375,339,308,72,774,36,484,212,247,477,1129,1785,8347,665.969696969697,59.06327425790373,10.696751662381399,5.259029707301676,31.290909387071814,10.282638325729927,43.138164072949586,21.266058286124778,0,0,2,1,36,0,0,0,0,0,0,0,40,0,0,1,0,12,36,0,0,0,0,0,128
N3,51.600042718991965,-0.19255073849525203,1369,808,18,246,123,91,19,179,4,124,57,70,31,369,571,2710,574.6442307692307,60.2868206630504,16.10401486614893,4.173532639811991,25.28281499498564,16.2147228359426,56.12604579005703,13.31459651052005,0,0,1,0,15,0,0,0,0,0,0,0,4,0,0,1,0,3,17,0,0,0,0,0,41
N4,51.57211019497109,-0.1024053250691476,3977,2064,225,349,275,243,52,601,34,374,273,226,517,556,1443,7232,600.4375,64.35409146213325,8.231143044071482,4.914316902367078,39.10004732034849,8.368064448607878,57.19545252447337,14.317500762451626,0,0,7,1,55,0,0,0,0,0,0,0,47,0,0,2,0,17,70,0,0,0,0,0,199
N5,51.554978028630224,-0.09880002792475015,1701,1517,226,350,207,139,30,338,14,228,207,46,509,380,949,5140,582.8554913294797,67.28438716162076,8.650734482807618,3.9432890228523627,37.87304520088505,8.900489889316841,64.01976378498694,11.143615682187304,0,0,5,0,51,0,0,0,0,0,0,0,31,0,0,0,0,23,47,0,0,0,3,0,160
N6,51.575044043985955,-0.1452155081065262,3417,486,27,131,73,16,10,105,3,97,28,32,38,237,268,1551,638.8125,64.69974126340666,15.072056537552996,3.265475185768699,26.097226525540037,15.880456173214938,71.08046186336016,6.512652582913875,0,0,2,0,16,0,0,0,0,0,0,0,6,0,0,1,0,14,12,0,0,0,0,0,51
N7,51.55364673742566,-0.11724564770603228,2354,2195,199,349,395,237,67,612,35,471,192,198,424,564,1702,7640,1520.840579710145,59.237547724891286,8.555223972356295,4.924793119262509,40.82161068255375,8.770727698986773,53.820875905723234,14.908835323599146,0,0,7,0,75,0,0,0,0,0,0,0,55,0,0,3,0,27,68,0,0,0,2,0,237
N8,51.5836053170418,-0.11958674218649519,4665,1395,56,314,139,77,34,288,19,190,89,153,70,447,938,4209,2070.4026845637586,66.62081696528855,11.511593479276009,3.8497593613575227,28.97482620934997,11.45658784100917,61.80544776795847,11.24035870968192,0,0,5,0,46,0,0,0,0,0,0,0,30,0,0,1,0,13,60,0,0,0,0,0,155
N9,51.62966772396804,-0.05767226944074567,1502,4729,108,929,892,556,199,1256,80,909,389,289,324,2309,4767,17736,0.0,0.0,0.0,0.0,0.0,0.0,0.0,0.0,0,0,0,1,30,0,0,0,0,0,0,0,38,0,0,6,0,20,53,0,0,0,0,0,148
NW1,51.52930354215795,-0.15237108576195774,3596,1259,172,176,179,169,27,487,9,225,138,139,305,221,768,4274,593.4814814814815,54.15441586860725,11.747422277571848,3.637581775706547,36.6117018735227,13.570547226944441,56.96205814397798,12.216359848986675,0,0,13,0,44,0,0,0,0,1,0,0,36,0,0,2,0,24,60,0,0,0,4,0,184
NW10,51.54110086130285,-0.24435021643658328,2318,5542,107,681,935,995,192,1339,99,1078,359,548,424,1499,4536,18334,1414.826388888889,54.84654353908349,10.593788706543185,5.173913422830596,31.285701512352293,10.173006884940994,36.40385637136085,23.31070949401749,0,0,3,0,50,0,0,0,0,0,0,0,79,0,0,5,0,26,87,0,0,0,0,0,250
NW11,51.57834632405437,-0.197577525,1692,1095,56,272,202,60,21,296,12,238,72,94,59,493,785,3755,650.7094017094017,56.962766235968814,15.569992269273474,3.007832755285729,25.47184256381144,16.743208179312358,52.14128783680459,13.860795775212315,0,0,0,1,7,0,0,0,0,0,0,0,6,0,0,1,0,3,23,0,0,0,0,0,41
NW2,51.55722431193672,-0.219297665915628,2086,2751,60,433,389,244,84,523,34,402,104,177,102,1009,1755,8067,698.9869565217391,56.52690687736349,11.922509766730125,4.66802185285932,30.550811419039373,11.684336212205235,44.50935871066233,19.95100686066391,0,0,2,0,25,0,0,0,0,0,0,0,24,0,0,2,0,7,37,0,0,0,0,0,97
NW3,51.55131076718112,-0.1724544136631866,2203,1376,165,313,258,82,32,448,16,264,133,175,305,603,836,5006,500.48826291079814,63.0954380150548,13.018250567740056,3.0321441793878177,28.45767961906999,14.16066058678568,70.32375085110617,7.526390479024624,0,0,2,1,43,0,0,0,0,0,0,0,20,0,0,3,0,17,78,0,0,0,2,0,166
NW4,51.588569504294476,-0.22412191411042945,1467,1117,43,283,193,140,32,312,16,208,51,363,123,508,875,4264,733.2173913043479,56.765717010832205,12.046548454216762,3.901118704665091,31.022909962572744,12.550233521562106,46.83029559587006,16.36147099201195,0,0,0,1,18,0,0,0,0,0,0,0,18,0,0,1,0,2,13,0,0,0,1,0,54
NW5,51.55193315708861,-0.14470698310126584,1580,2510,269,393,358,401,58,614,33,442,227,247,307,462,1656,7977,1402.9504504504505,57.363438952125264,11.048156041671309,4.482709582902096,34.87423673834066,12.081514437391826,55.099527423730294,13.126264224507418,0,0,13,0,81,0,0,0,0,0,0,0,43,2,0,2,0,49,101,0,0,0,0,0,291
NW6,51.542199135217565,-0.19613455282635217,2459,2782,138,489,339,200,56,609,26,441,129,258,305,846,1463,8081,584.7316017316017,62.790664682402294,9.875504139465278,4.279319236656172,35.22699135948166,10.660820931048177,59.378695287100726,13.009101421302022,0,0,9,0,40,0,0,0,0,0,0,0,46,0,0,3,0,20,62,0,0,0,0,0,180
NW7,51.614453172218916,-0.23332991499107675,1681,1986,55,361,320,196,114,582,18,368,106,160,131,1003,2186,7586,4219.274725274725,57.185320591124466,12.303584996703913,4.144439069354775,26.68619851501275,11.553298602494788,42.2564415802924,18.85268866117948,0,0,1,1,20,0,0,0,0,0,0,0,16,0,0,3,0,9,30,0,0,0,2,0,82
NW8,51.53262508998263,-0.17458644635205559,3454,1006,64,173,144,106,13,267,10,183,62,101,101,279,643,3152,591.0769230769231,52.09808195594901,13.464131408349306,3.6045465114809736,31.3239578406572,14.579128188545326,58.96845184211673,13.933822260534502,0,0,2,0,24,0,0,0,0,0,0,0,5,0,0,1,0,7,30,0,0,0,0,0,69
NW9,51.58789754733673,-0.251150284159333,2159,8949,321,1607,1498,1228,273,2066,103,1569,421,755,599,3361,7056,29806,1108.7756874095514,57.63418937942311,14.09923923776945,3.844670695687234,29.511801999301973,13.493031213350525,42.02580002810459,20.340450478261932,0,0,12,1,95,0,0,0,0,0,0,0,146,0,0,12,1,39,169,0,0,0,4,0,479
SE1,51.499714830536035,-0.09491683959044368,4981,1933,326,378,246,356,49,867,34,323,186,115,586,310,1379,7088,654.4370860927153,61.25809621161929,6.448590131419875,3.9837757636345237,46.043199173316175,6.8772641459524495,57.39667953429309,11.371420827103774,0,0,24,0,74,0,0,0,0,0,0,0,58,0,0,3,0,51,108,0,0,0,6,0,324
SE10,51.482863524562966,-0.002213344859259259,3375,1482,204,342,251,187,31,356,19,256,73,117,83,300,959,4660,597.1788079470199,65.99544275976862,9.698810637036265,3.8995006004584303,34.80751383639036,8.749026119667588,61.218222454756564,11.20453852646961,0,0,9,0,64,0,0,0,0,0,0,0,33,0,0,3,0,27,59,0,0,0,2,0,197
SE11,51.48951586459528,-0.11210192686424474,3138,1553,123,228,210,224,33,451,30,241,131,52,208,229,1111,4824,603.2554744525547,61.35306545763799,9.946346584147568,5.08782481386627,37.640688496394446,10.381860108111853,54.23163643100766,14.1841431939104,0,0,13,1,46,0,0,0,0,0,0,0,27,0,0,2,0,31,36,0,0,0,1,0,157
SE12,51.444151636699225,0.0181893355078125,5120,2008,95,458,561,321,122,744,58,597,133,563,247,1083,2233,9223,644.8456375838927,59.915416419175735,15.213554661176836,4.130094702259674,24.9529200447584,13.294357518809901,43.2322573264294,16.013422828833654,0,0,3,0,33,0,0,0,0,0,0,0,54,0,0,4,0,21,48,0,0,0,0,0,163
SE13,51.4574353844788,-0.008511628264048466,4787,1492,124,319,415,284,54,576,37,468,121,373,187,444,1655,6549,613.4722222222222,64.99222263428958,9.70184409291652,5.1626718414958335,32.30859548962969,8.670245572845328,56.32307348748114,12.445813041250755,0,0,5,1,40,0,0,0,0,0,0,0,54,0,0,1,0,12,37,0,0,0,0,0,150
SE14,51.4755635653944,-0.0426766262086514,2751,966,42,207,246,149,18,284,24,192,64,59,64,287,875,3477,665.2162162162163,60.69621201377911,7.065642095691056,5.584762971198597,38.318436662532925,6.954767750419132,50.665651616191006,13.897645964869596,0,0,4,0,27,0,0,0,0,0,0,0,28,0,0,4,0,12,19,0,0,0,3,0,97
SE15,51.471591640052615,-0.06564173022032226,3041,2138,166,344,310,305,62,629,30,373,172,218,256,452,1632,7087,2091.6310160427806,61.49169220066381,8.96970761163369,5.077163972893072,35.957464202748234,8.850091738514738,50.2154611689999,16.32914690535869,0,0,13,1,29,0,0,0,0,0,0,0,41,0,0,3,0,27,54,0,0,0,1,0,169
SE16,51.49757208467497,-0.05055478201414617,2969,1902,225,441,329,315,52,562,36,307,140,111,347,511,1297,6575,624.4851485148515,65.298707643617,8.107896165697259,4.563075709675685,39.73617597804008,7.982251710262889,54.10333762746974,15.207364550704874,0,0,4,1,29,0,0,0,0,0,0,0,24,0,0,3,0,19,31,0,0,0,1,0,112
SE17,51.488788573233165,-0.09530553739565945,1797,2315,218,349,379,447,77,574,53,433,218,327,389,374,1673,7826,640.25,58.89139957992953,7.821368479789328,5.442571839699289,39.96920896313787,7.6194944010641965,48.73469442623812,16.90534474180543,0,0,7,0,36,0,0,0,0,0,0,0,36,0,0,5,0,15,44,0,0,0,0,0,143
SE18,51.48308221269879,0.0728417388433735,8300,2819,122,441,539,614,112,686,57,638,177,384,103,820,3004,10516,1530.176,60.73820025236456,9.526549702196203,5.310751013614477,31.535640601647945,8.69333061040693,44.49964020667688,17.455173467138312,0,0,1,0,19,0,0,0,0,0,0,0,24,3,0,2,0,24,24,0,0,0,0,0,97
SE19,51.417624177980365,-0.08551107985039738,4278,1232,17,175,254,149,46,273,26,244,83,98,41,462,1101,4201,595.8993710691824,62.594580998483956,12.286661394106678,4.8022208539549025,26.771491986250105,11.162042205931133,48.618446787322924,14.263272427126271,0,0,10,1,34,0,0,0,0,0,0,0,25,0,0,1,0,10,29,0,0,0,0,0,110
SE2,51.48871100176125,0.11658577808219178,2555,5067,108,680,1309,907,268,1235,104,1151,186,551,163,1848,5595,19172,195827.0,58.6727060109178,19.972220378191,3.20640156873158,24.1840858190788,16.5909312213963,31.5776841567726,18.1703051193668,0,0,2,0,53,0,0,0,0,0,0,0,93,0,1,10,0,63,68,0,0,0,0,0,290
SE20,51.412152069297534,-0.06059816734472471,3687,1871,44,382,348,227,65,371,25,462,94,298,51,843,1585,6666,596.6900826446281,63.25026070953174,16.918003368373117,3.5506776708761842,23.653784738136423,14.887959718630826,49.60801450329044,12.821608318239061,0,0,5,0,52,0,0,0,0,0,0,0,46,0,0,4,0,26,47,0,0,0,0,0,180
SE21,51.43882155487136,-0.09249129970476593,2371,342,18,87,73,45,15,74,13,68,29,16,8,213,351,1352,729.1333333333333,62.74160895677439,14.076766398157863,3.7676938008501333,26.168712971760087,13.143955399950674,59.845390234555005,11.498972379481653,0,0,0,0,8,0,0,0,0,0,0,0,6,0,0,0,0,5,9,0,0,0,0,0,28
SE22,51.45484625377033,-0.07182458669295219,2029,839,124,207,150,74,16,275,26,152,67,82,59,412,605,3088,649.7651515151515,68.26968397261217,10.92940501520035,3.3726069042043507,29.859459435287125,9.88203555776997,63.994417294806254,10.175259540430186,0,0,2,0,38,0,0,0,0,0,0,0,19,0,0,2,0,14,31,0,0,0,0,0,106
SE23,51.44221103437803,-0.046927369242748686,5137,882,39,207,187,94,28,283,26,217,52,89,23,532,794,3453,546.2313432835821,67.4649247851891,11.314320782229949,4.207124787108581,27.9392028659634,10.127061534059001,58.201767138481095,11.118711004655381,0,0,2,0,20,0,0,0,0,0,0,0,22,0,0,0,0,14,17,0,0,0,0,0,75
SE24,51.455021766091335,-0.10155409482200647,2781,813,98,181,157,144,20,229,23,137,53,21,41,222,623,2762,788.1063829787234,65.56993086860929,10.132447703133309,4.0155017646941245,33.789950241343924,9.80479625579358,60.8872071217032,11.183864287570792,0,0,6,0,18,0,0,0,0,0,0,0,17,0,0,1,0,9,21,0,0,0,0,0,72
SE25,51.39659536041485,-0.07511109301310044,4580,11545,185,2143,2635,2080,498,3307,246,2483,760,1461,535,4308,11976,44162,3650.315789473684,59.56480578037553,12.865712356668558,4.9626987819548205,26.726165766086748,11.504712123791426,41.093770867720025,16.28299980140859,0,0,21,3,176,0,0,0,0,0,0,0,299,0,0,17,0,90,183,0,0,0,0,0,789
SE26,51.4273978221979,-0.05397464176882662,4568,1164,32,235,250,124,49,362,15,256,73,79,39,523,960,4161,666.0584415584416,62.156225888699986,13.395601014146285,4.66735115414582,25.810119655310885,11.901354737908726,50.50181004800623,13.916945045007793,0,0,2,0,9,0,1,0,0,0,0,0,8,0,0,2,0,11,13,0,0,0,0,0,46
SE27,51.430756665983004,-0.10232408977439203,3413,907,26,148,182,104,36,238,29,171,81,101,29,347,850,3249,640.6239316239316,63.415756468479536,10.689950282562405,4.847072743052461,28.268095341851797,10.191613703734108,51.13018144940637,14.081859325038133,0,0,2,0,21,0,0,0,0,0,0,0,29,0,0,1,0,10,10,0,0,0,0,0,73
SE28,51.50330855149051,0.10591951421258657,3321,6665,183,1258,1469,1080,307,1748,116,1309,393,714,239,2722,7059,25262,8400.434782608696,65.39542163110681,4.494397700707624,5.1721506952077325,37.03077462818249,3.8387652506462855,51.76410086486501,12.955025655380583,0,0,5,2,65,0,0,0,0,0,0,0,159,0,0,12,0,47,77,0,0,0,0,0,367
SE3,51.47077917523947,0.01901094420748238,5533,610,44,136,155,94,30,212,14,158,36,63,16,368,675,2611,624.172131147541,61.57127181828524,15.81021921284634,3.750256699613756,26.768595947102064,14.425800949534151,54.03369119890143,13.88349160695987,0,0,2,0,20,0,0,0,0,0,0,0,7,0,0,1,0,8,20,0,0,0,0,0,58
SE4,51.46064855073786,-0.034651427636168505,3727,990,38,195,216,108,40,227,22,199,50,78,30,407,848,3448,686.3071428571428,66.75247369054507,9.533756898330596,4.234999519493694,31.029105073232657,8.658174883820003,58.388902761047696,11.272728137638122,0,0,3,0,17,0,0,0,0,0,0,0,18,0,0,1,0,11,16,0,0,0,0,0,66
SE5,51.472630795538215,-0.09342064867394696,3205,1571,135,382,277,215,44,502,26,316,118,82,162,401,1455,5686,622.5308641975308,63.10911694019109,8.140813427338607,4.927378869946352,36.80846549377591,8.452639681148808,53.33914206337924,14.477894642765621,0,0,5,0,43,0,0,0,0,0,0,0,27,0,0,1,0,19,37,0,0,0,4,0,136
SE6,51.43897722217846,-0.017094487600616545,5839,2508,112,570,558,474,104,733,83,578,206,489,237,1127,2378,10157,1495.2272727272727,59.71459464803247,13.929429234790856,4.451806199107898,26.175714043326302,12.35323144724373,42.576086549611745,16.679709169046543,0,0,4,0,24,0,0,0,0,0,0,0,75,0,0,3,0,14,45,0,0,0,0,0,165
SE7,51.483370511080665,0.03326169741248097,3285,955,68,218,284,198,49,317,15,313,74,299,42,484,1251,4567,694.2230215827338,61.261789050965966,10.621142078718833,4.543282403684953,30.22962256747458,9.506019059509619,47.72764367555711,16.582959947978175,0,0,0,0,18,0,0,0,0,0,0,0,24,0,0,1,0,6,9,0,0,0,0,0,58
SE8,51.48134442321857,-0.02960710338937817,3747,1674,77,337,286,211,42,335,28,276,124,74,105,397,1123,5089,694.8659217877095,64.09552103478664,6.489608303733822,5.0209160156550405,40.88558694992176,6.24606469294034,55.29572047707842,12.93913350834972,0,0,8,0,35,0,0,0,0,0,0,0,39,0,0,2,0,24,35,0,0,0,0,0,143
SE9,51.44572715063327,0.055365760104137345,7106,5288,78,955,1398,666,261,1192,79,1271,214,1176,119,2173,5139,20009,1504.0184615384615,57.82803482252463,20.487889087970892,3.3483383321067524,22.360514617916433,17.63845830654323,38.80820611922697,17.081862041961553,0,0,6,1,115,0,0,0,0,0,0,0,154,0,0,14,0,66,144,0,0,0,2,0,502
SW10,51.484003218430786,-0.1833852970392302,1351,1195,110,184,155,126,14,322,13,184,54,103,49,396,733,3638,438.7410071942446,57.972860635682935,12.798542529878429,3.840345882714465,31.678669300974715,14.48691037579601,60.934031424159556,10.209337469882094,0,0,9,0,20,0,0,0,0,0,0,0,5,0,0,0,0,16,60,0,0,0,1,0,111
SW11,51.46787111071679,-0.16161916082220662,5692,2970,356,517,407,285,63,716,37,431,164,165,136,617,1834,8698,663.2287822878229,69.98006917660472,8.677803600522285,3.488689837367347,40.42792557828043,8.714439104134701,62.889894544224866,10.063154544135896,0,0,25,0,74,0,0,0,0,0,0,0,57,0,0,5,0,30,105,1,0,0,0,0,297
SW12,51.44549513164384,-0.14661482869863013,4380,1437,178,343,199,92,28,390,15,229,92,159,118,537,879,4696,568.9950495049505,73.05621312990132,9.453524898651905,2.999062870260662,40.63826903004722,9.254870928715947,70.54273050054407,7.46279806431654,0,0,6,0,32,0,0,0,0,0,0,0,18,0,0,1,0,14,38,0,0,0,0,0,109
SW13,51.47738933287643,-0.24123605900311526,4815,418,56,103,75,31,11,101,4,73,26,23,5,211,224,1361,658.983870967742,56.4776830012452,20.157385382077127,3.1509041835050597,20.09966257232806,18.988486582155346,60.3509671529695,9.86407730105691,0,0,0,0,11,0,0,0,0,0,0,0,1,0,0,1,0,6,10,0,0,0,0,0,29
SW14,51.465787504185464,-0.2662039207769423,3990,4539,723,1005,951,417,144,1099,49,859,188,437,196,1659,3666,15932,1064.8957816377172,62.36262588478873,17.43647062928684,2.949546694885924,20.54334453386894,15.790931147863361,63.956369662149896,8.224744509670204,0,0,10,1,212,0,0,0,0,0,0,0,101,7,0,15,0,105,223,0,0,0,3,0,677
SW15,51.457987943074,-0.2273722845878136,4743,1567,170,489,346,147,38,467,10,341,67,163,73,714,1555,6147,630.5579399141631,63.7521457926265,11.980205393009669,3.5184996886192357,32.99662779177524,11.674930627778055,58.951340586703004,11.019734005686836,0,0,6,0,46,0,0,0,0,0,0,0,36,0,0,3,0,18,46,0,0,0,3,0,158
SW16,51.422345372871455,-0.1285404524763495,7188,3403,118,499,696,424,150,778,62,745,315,225,129,1131,3059,11734,670.7377521613832,62.41336232858756,12.142701592072058,4.427461451452166,29.67093828710341,11.690521468310342,45.81178971362085,16.617043525238145,0,0,2,0,29,0,0,0,0,0,0,0,43,0,0,3,0,19,20,0,0,0,0,0,116
SW17,51.430644716909484,-0.16400007910198233,4187,3042,219,452,529,324,110,862,53,704,198,406,258,744,2736,10637,726.6785714285714,65.66507023990782,10.278040497883119,3.627739720058777,35.96669990611209,9.846486110307104,53.174878466955604,13.92510116067618,0,0,14,0,43,0,0,0,0,0,0,0,44,0,0,4,0,23,132,0,0,0,3,0,263
SW18,51.44983139806772,-0.19063259908169122,5227,1648,349,449,282,227,74,435,18,282,89,169,74,615,1403,6114,1612.4654545454546,72.64496017956905,9.10243433761056,3.1053743665882716,36.695231134723464,8.50811365078641,67.11749703451764,7.976393610863566,0,0,7,0,46,0,0,0,0,0,0,0,36,0,0,3,0,31,42,0,0,1,0,0,166
SW19,51.42790071535372,-0.203530468489342,3237,1500,125,270,273,188,54,412,21,347,58,400,131,397,1167,5343,614.8370044052864,66.92154941585203,12.999659570141153,3.03471717870556,28.67350329509129,11.968187731343205,63.79751127610823,9.327656609665866,0,0,5,0,55,0,0,0,0,0,0,0,37,0,0,1,0,22,75,0,0,0,0,0,195
SW1A,51.50571331273032,-0.1302544676716918,597,399,32,15,76,83,12,151,20,121,43,13,89,68,293,1415,959.6666666666666,32.4860058769939,4.054306267087536,1.0477121700646734,73.11368251513886,4.946792842678676,65.380919526375,3.5595446728076503,0,0,4,0,14,0,0,0,0,0,0,0,4,0,0,0,0,9,10,0,0,0,1,0,42
SW1E,51.49881138165038,-0.13975348458197612,921,268,22,27,61,66,3,217,8,116,30,169,128,14,171,1300,451.0833333333333,59.55695391812572,13.183435446295471,2.2618551511672447,38.87215594628731,14.373684108672485,67.99913567383054,4.8478790167912855,0,0,4,1,32,0,0,0,0,0,0,0,26,0,0,0,0,13,37,0,0,0,0,0,113
SW1H,51.498361419673344,-0.1342612967334818,1347,328,14,21,40,33,1,104,2,60,7,28,21,12,139,810,892.2857142857143,51.73377642688581,12.28269402976411,4.396814029499169,34.08736701304768,13.359877289043746,53.054127993895285,13.46823542949974,0,0,2,0,26,0,0,0,0,0,0,0,18,0,0,3,0,13,16,0,0,0,0,0,78
SW1P,51.49438670382422,-0.132174690573633,2981,851,66,74,93,68,12,143,9,178,26,8,34,35,475,2072,526.0851063829788,57.7229378587839,12.327945963384456,4.221298293768595,37.57471720119575,13.109215880283632,60.39861923205603,10.811664724251113,0,0,4,0,17,0,0,0,0,0,0,0,8,0,0,2,0,8,15,0,0,0,0,0,54
SW1V,51.48977663305133,-0.14029388214890018,3546,1355,44,125,123,87,15,221,14,176,37,54,45,78,622,2996,450.76521739130436,60.66623150471577,11.767938375544572,3.936784330056815,36.96705483005306,12.864659158125106,60.12824582941553,12.424616210582126,0,0,3,0,21,0,0,0,0,0,0,0,12,0,0,1,0,16,55,0,0,0,0,0,108
SW1W,51.49241671396719,-0.15098045204038704,2377,393,41,80,81,60,4,283,6,93,26,55,172,81,297,1672,483.5531914893617,52.49612521630187,15.761482828008202,3.9428917872904075,27.047715773746205,18.74827357780246,57.81557112050873,12.699333390575902,1,0,1,4,30,0,0,0,0,0,0,0,13,0,0,2,0,12,33,0,0,0,0,0,96
SW1X,51.49857803108108,-0.15673746639639638,2220,639,32,75,88,70,11,325,8,111,90,275,189,434,327,2674,530.6153846153846,55.007176403236684,13.699509250425313,1.657847413056843,27.59743636046329,16.403076762433972,62.8251462602402,9.558729284447306,0,0,3,0,25,0,0,0,0,0,0,0,6,0,0,0,0,10,60,0,0,0,0,0,104
SW1Y,51.507828579079955,-0.1353557809419496,913,334,52,50,77,193,11,439,20,124,151,126,423,145,455,2600,1563.0,65.20437495446795,10.182699508469401,2.408544981540346,40.23759734796975,13.708278795668349,66.9797102677631,7.760191354773417,0,0,8,0,23,0,0,0,0,0,0,0,16,0,0,1,0,8,73,0,0,0,0,0,129
SW2,51.44910509250311,-0.12080665602650836,7243,1714,81,314,330,252,52,363,48,251,106,64,82,373,1215,5245,2130.967032967033,66.68311986563499,7.394620104917675,4.765353720381752,38.6548378845718,7.659690016710402,54.871139357649646,13.402793591334705,0,0,2,0,13,0,0,0,0,0,0,0,19,0,0,1,0,9,13,0,0,0,0,0,57
SW20,51.40880909749217,-0.2261225048275862,1595,8835,694,1738,1912,1406,308,2478,140,1817,375,1265,638,3028,8396,33030,1409.6053811659192,60.70454244849832,15.696600319356168,3.0596021722613207,25.521688932021767,14.12805999497641,57.91236308094998,10.443530138426757,0,0,12,2,186,0,0,0,0,0,0,0,206,6,0,18,0,107,227,0,0,0,4,0,768
SW3,51.4905481992722,-0.16676859005337216,2061,692,100,143,82,102,12,418,7,119,96,159,157,331,374,2792,459.3695652173913,55.06263636381893,17.183539830029705,2.978806931157007,26.93534479131944,19.528065067816552,62.6390398832826,10.03140471068369,0,0,5,0,17,0,0,0,0,0,0,0,5,0,0,1,0,14,55,0,0,0,2,0,99
SW4,51.4609311259959,-0.1367188086701816,6828,1449,173,336,188,196,33,547,30,207,96,66,217,340,996,4874,703.7642857142857,72.8713788115838,7.5954209525014225,3.3928769476605827,47.493464163103994,8.029834771123323,67.22308511749867,9.389359423343183,0,0,14,0,31,0,0,0,0,0,0,0,33,0,0,1,0,29,45,0,0,0,0,0,153
SW5,51.491609815204676,-0.19183407010233916,1368,1529,100,246,172,186,22,379,15,223,44,60,53,285,814,4128,507.90225563909775,56.142482329366366,10.458103079446667,3.7108488958332337,38.17872150413171,11.529376321913576,62.441513454069295,9.734628891971632,0,0,3,0,15,0,0,0,0,0,0,0,18,0,0,1,0,18,58,0,0,0,0,0,113
SW6,51.47594065353744,-0.2024750398841539,2417,2142,290,411,309,192,36,560,20,360,96,165,95,643,1283,6602,608.5690376569038,64.40121519685597,10.97589827676608,3.587315309759949,36.9064666750004,11.129738840357364,61.8059460305502,10.0520861716889,0,0,8,0,55,0,0,0,0,0,0,0,35,0,0,3,0,25,67,0,0,0,1,0,194
SW7,51.49640872911985,-0.17609349087078652,2136,705,79,144,73,82,10,372,2,107,50,23,90,241,320,2298,408.11290322580646,56.04440194541829,11.546918195907855,2.534324092593367,33.976559039138145,12.756785244637337,68.4358768824676,6.670692071293314,1,0,4,0,54,0,0,0,0,0,0,0,20,0,0,5,0,12,81,0,0,0,3,0,180
SW8,51.47633098629401,-0.13344743813490997,3721,1714,104,251,167,137,34,287,18,218,88,83,94,224,927,4346,707.25,65.626595093727,6.6689787010673935,4.654082792356081,43.74411922496913,6.9660646141657345,56.92496723280497,13.182362565679673,0,0,3,1,44,0,0,0,0,0,0,0,19,0,0,1,0,16,33,0,0,0,0,0,117
SW9,51.469954732268974,-0.11441259400826445,5324,2519,207,369,370,516,75,736,82,474,205,181,498,253,1820,8305,650.4730538922156,65.20591775552776,7.236289364101883,5.41294908925177,42.651376949140854,7.797418068882203,52.963785807939665,14.672792878241346,0,0,18,0,56,0,0,0,0,0,0,0,54,0,0,4,0,15,89,0,0,0,0,0,236
W10,51.525237156604774,-0.21318048116710875,1885,2111,143,388,384,274,54,493,23,414,160,105,142,497,1561,6749,620.4285714285714,54.820177579933635,11.586622297710546,5.109944248688043,30.82983925093888,11.989446732837445,46.50709551925771,17.429969412004617,0,0,1,0,46,0,0,0,0,0,0,0,25,0,0,3,0,10,36,0,0,0,0,0,121
W11,51.51305173349835,-0.20536935324532454,1818,1843,209,398,270,253,54,645,29,414,123,226,159,436,1263,6322,481.32105263157894,56.88246510797683,13.12642244807686,4.728570978607444,30.304541073388638,14.117545866493113,57.44622658660839,12.510516689120694,0,0,10,0,56,0,0,0,0,0,0,0,30,0,0,2,0,23,96,0,0,0,0,0,217
W12,51.50698865163308,-0.23582292529534402,1439,2584,413,419,410,360,99,803,43,534,178,453,278,788,2009,9371,602.9642857142857,60.10781075999604,9.745131568630233,4.847005768437375,35.11017251056636,9.992191353094347,51.84867156189641,14.743254116638271,0,0,2,0,51,0,0,0,0,0,0,0,70,0,0,2,0,19,101,0,0,0,4,0,249
W13,51.511902267409475,-0.32103294289693596,1436,2155,117,320,335,217,65,375,24,401,92,258,54,811,1457,6681,735.6396396396397,61.63017222244846,14.603104318553449,3.9126889137620595,26.79057914094683,13.35486370527609,53.869991685411684,12.85320008486557,0,0,1,0,39,0,0,0,0,0,0,0,30,0,0,3,0,24,68,0,0,0,1,0,166
W14,51.49495069346862,-0.21049109213696895,1577,1221,200,258,194,162,25,327,15,226,52,67,55,380,862,4044,543.9882352941177,61.18577071128226,10.367545190521552,4.467641554889945,37.56402549109373,11.161122065484378,61.252393433389926,10.32855419284755,0,0,2,0,29,0,0,0,0,0,0,0,14,0,0,2,0,15,33,0,0,0,0,0,95
W1B,51.52188823097762,-0.14598962049469966,849,164,20,38,26,11,4,84,2,29,33,4,106,44,150,715,320.95238095238096,47.676773669688046,10.823088258440853,3.9319442795559367,38.38314200208378,13.145482480012591,51.41217589838878,13.880548064808325,0,0,2,0,5,0,0,0,0,0,0,0,5,0,0,3,0,5,1,0,0,0,1,0,22
W1C,51.5140097,-0.1475622,6,383,71,45,49,68,20,616,5,88,95,444,767,143,279,3073,193.4,53.319099483922784,14.16290105909319,3.840452215919884,32.0387277145009,15.506355449238004,63.25224300821716,9.512291100729916,0,0,10,0,48,0,0,0,0,0,0,0,21,0,0,0,0,12,69,0,0,0,0,0,160
W1D,51.513385975,-0.13249798211805555,576,600,64,98,137,396,19,1674,20,236,424,124,1606,87,928,6413,246.33333333333334,59.1888780544784,7.052936553221088,3.926138041085973,44.13166185911992,7.752684422183958,56.570478384456145,12.545153367373066,0,0,49,0,38,0,0,0,0,0,0,0,38,0,0,0,0,25,213,0,0,0,0,0,363
W1F,51.51346342425579,-0.13621197508269017,907,390,38,86,60,108,10,991,11,91,132,237,1004,66,305,3529,1491.2857142857142,56.6508830925787,8.012867633249334,3.3251039498059725,44.894826512832324,8.225915912276603,61.64507152723221,8.43398609265981,0,0,19,0,41,0,0,0,0,0,0,0,37,0,0,0,0,27,127,0,0,0,0,0,251
W1G,51.51973460021213,-0.14918420759439968,2357,124,36,39,17,7,1,108,0,15,13,25,48,93,64,590,698.6153846153846,66.02385318167326,11.049573661209728,2.420149297834628,34.647591592043575,13.272395043341644,75.01088998140122,5.559687740427209,0,0,1,0,5,0,0,0,0,0,0,0,2,0,0,1,0,6,25,0,0,0,0,0,40
W1H,51.51756794618895,-0.16115366065485776,3726,1495,110,261,207,197,29,600,23,291,149,115,351,391,974,5193,2711.284090909091,52.929173085696334,10.477803984680932,3.528485834022314,39.689753182378624,12.207857343940534,59.59537149920757,13.167354991368983,0,0,8,0,42,0,0,0,0,0,0,0,25,0,0,1,0,23,88,0,0,0,2,0,189
W1J,51.50707411541165,-0.1467727451305221,1992,266,14,33,46,27,4,182,2,64,56,30,93,86,181,1084,323.57142857142856,58.60735382466146,13.127778371495264,2.2211207659283443,32.97958903504324,18.00164597891996,63.68499145864167,11.669108883331342,0,0,8,0,14,0,0,0,0,0,0,0,9,0,0,0,0,7,56,0,0,0,0,0,94
W1K,51.510875454662624,-0.15183614840788476,2638,268,28,43,30,47,3,185,2,44,45,130,157,131,126,1239,343.0,58.2252814634402,14.763123100630091,1.8496240817931637,27.786338029226368,17.48594376211586,56.923461779808626,10.57509356572423,0,0,4,0,7,0,0,0,0,0,0,0,1,0,0,2,0,4,23,0,0,0,0,0,41
W1S,51.51111951508516,-0.1424434583941606,411,182,24,35,31,32,6,225,2,38,37,274,223,195,118,1422,1051.5,61.774144011522594,11.00288065407795,2.17452315643434,38.779932306329655,12.09515976700365,62.9621259351621,8.30631753948462,0,0,11,0,18,0,0,0,0,0,0,0,13,0,0,0,0,8,54,0,0,0,0,0,104
W1T,51.51883910862069,-0.13680555908488062,1508,403,72,82,56,37,8,399,1,66,51,103,366,74,173,1891,227.54545454545453,52.67650205346067,5.429613121691693,2.9334146336979,53.17953992041751,5.851606495468312,59.72205563059021,8.540479658669591,0,0,15,0,38,0,0,0,0,0,0,0,23,0,0,0,0,17,101,0,0,0,0,0,194
W1U,51.519362574960724,-0.1547013217090795,3183,373,41,60,54,32,7,325,6,71,55,60,182,184,206,1656,342.23333333333335,60.62911312727254,11.029398856669697,2.146522942327609,41.13080526249429,13.25773098796315,69.96635556298234,6.7392953635148585,0,0,3,0,29,0,0,0,0,0,0,0,24,0,0,0,0,8,60,0,0,0,1,0,125
W1W,51.520712573120214,-0.14240619959477713,2221,372,37,51,50,20,5,215,2,36,28,40,148,98,142,1244,468.1111111111111,49.99155908136354,10.293125212102073,3.0803060743193154,43.820633244097664,11.658437730053038,56.05916011910452,10.178688001648323,0,0,5,0,37,0,0,0,0,0,0,0,12,0,0,0,0,14,49,0,0,0,3,0,120
W2,51.515599839132214,-0.18221013716741713,4886,2364,228,377,264,327,43,750,27,435,193,81,255,338,1331,7013,570.5808823529412,58.8864892075151,9.57177079768301,3.769928460546033,40.17526899290521,10.829854266577218,64.2266665651835,10.270671168964885,0,0,9,0,74,0,0,0,0,0,0,0,44,2,0,3,0,25,119,0,0,0,3,0,279
W3,51.50974277738958,-0.26738967943309166,1517,2140,110,396,345,235,62,632,23,416,86,161,73,941,1529,7149,746.1464646464647,59.63659325738784,10.772199668912506,4.530628806062542,32.74953272461933,10.576230439459902,51.63583996451153,14.221573579137912,0,0,3,0,49,0,0,0,0,0,0,0,34,0,0,1,0,10,42,0,0,0,0,0,139
W4,51.49005644567401,-0.26416545179606027,5178,1519,274,407,259,114,31,427,14,332,69,139,39,827,1117,5568,608.9095022624434,62.74467165413382,15.03355652414981,3.5307952529252242,25.54631210589955,14.39977801652544,61.939918542300475,9.69459670702042,0,0,5,0,50,0,0,0,0,0,0,0,22,1,0,3,0,37,70,0,0,0,0,0,188
W5,51.512320025780774,-0.3029179172688304,1633,2556,173,440,497,280,68,814,36,508,151,221,315,1000,1922,8981,650.993006993007,60.873820211296724,13.207953462520946,4.002047573862567,28.905392566407194,12.59810446982799,53.336920665400456,14.95295528357892,0,0,6,0,60,0,0,0,0,0,0,0,44,0,0,3,0,26,75,0,0,0,3,0,217
W6,51.49252457961399,-0.22638622316043427,1658,1385,427,284,274,250,42,543,13,391,73,198,187,591,1107,5765,1676.3379310344828,61.23830718107625,10.907002191656076,3.870660951001347,35.438167023537616,11.704737317247384,59.77335695072,10.742164433528702,0,0,5,2,52,0,0,0,0,0,0,0,37,0,0,2,0,37,76,0,0,0,0,0,211
W7,51.51144467551331,-0.3361579099619772,1315,24264,675,3147,3945,3432,1452,6060,353,4672,1039,1955,1050,7641,21031,80716,32695.70588235294,58.85148904818413,14.065076561835385,4.5540055289851225,26.093229687367877,13.379136655284134,46.349307330831955,15.011687688608957,0,0,13,5,185,0,0,0,0,0,0,0,313,0,0,29,0,142,285,0,0,0,15,1,988
W8,51.50140340577751,-0.19441375500921942,1627,539,98,117,92,64,16,371,10,141,27,234,195,225,339,2468,2016.3975903614457,57.291763348622204,12.914254264693378,3.1537907763766486,26.54550419483302,14.473762520038022,70.30699161298706,6.699206340160726,0,0,3,0,35,0,0,0,0,0,0,0,11,0,0,1,0,16,65,0,0,0,1,0,132
W9,51.52665215218579,-0.19160877134183363,3294,1837,100,290,226,180,39,300,28,261,94,30,63,296,1011,4755,667.04375,58.81897974842879,9.59896253871223,4.897553769538392,33.091519205179814,10.112363270415347,55.250174151219426,14.095491614516467,0,0,2,0,39,0,0,0,0,0,0,0,20,0,0,1,0,11,28,0,0,0,1,0,102
WC1A,51.51764253829787,-0.12538974574468084,282,191,42,25,22,22,3,143,0,25,26,11,129,156,64,859,1150.8333333333333,47.167081098036114,9.221576639788095,3.7631714157648983,45.374093892003266,11.073050256686225,55.36895197507408,9.595197955008917,0,0,7,0,28,0,0,0,0,0,0,0,15,0,0,0,0,6,45,0,0,0,0,0,101
WC1B,51.519576408149774,-0.12663594647577092,454,64,20,12,11,17,1,30,0,11,13,13,71,18,38,319,471.75,49.415938472524125,10.656189098834453,3.365085345796245,46.594382600714596,12.468928218130623,60.55034109561902,8.716458776242593,0,0,1,0,12,0,0,0,0,0,0,0,2,0,0,1,0,1,9,0,0,0,7,0,33
WC1E,51.52152364084507,-0.13302120253521127,355,401,134,54,71,38,3,324,1,115,84,95,410,69,225,2024,1340.857142857143,41.59493316469884,9.570593635506464,2.8720262045167186,53.5973966869371,10.156026014764512,51.89373409751061,10.059443210042897,0,0,5,0,35,0,0,0,0,0,0,0,18,0,0,4,0,15,34,0,0,0,32,0,143
WC1H,51.52534067602428,-0.1256247993171472,1318,1588,172,146,184,191,20,579,16,287,144,60,484,133,860,4864,648.7594936708861,41.410423612794034,9.632408971459553,4.785972911518851,44.146953194231415,10.31603583179472,44.04958426145468,15.760208838909533,0,0,12,1,86,0,0,0,0,0,0,0,48,0,0,4,0,31,80,0,0,0,9,0,271
WC1N,51.52340309368879,-0.12128474744287268,919,169,47,23,14,18,4,79,0,30,9,1,33,18,91,536,456.8666666666667,46.40466019768403,12.150754234432336,3.500045014261143,43.28284079327954,13.353016614972306,54.09512811795978,12.851508544513214,0,0,3,0,15,0,0,0,0,0,0,0,7,0,0,0,0,6,19,0,0,0,1,0,51
WC1R,51.51935283811189,-0.11736918216783217,286,231,23,48,38,27,8,148,4,50,11,14,75,24,130,831,338.44444444444446,50.8232927802799,11.36488216521547,3.964198700570562,43.867206417663525,12.312474450276504,58.74737225905202,10.058316742169758,0,0,2,0,23,0,0,0,0,0,0,0,13,0,0,1,0,10,31,0,0,0,3,0,83
WC1V,51.518386443609025,-0.11282645789473683,133,47,6,13,9,1,3,33,1,7,15,46,55,1,35,272,242.0,54.59016393442625,8.25136612021858,3.3025956284153,50.89481946624805,12.3076923076923,65.7183609958506,6.642461964038735,0,0,2,0,9,0,0,0,0,0,0,0,7,0,0,0,0,3,5,0,0,0,0,0,26
WC1X,51.52673894940476,-0.11430655940476192,840,1088,97,158,132,166,20,304,20,254,60,46,249,116,764,3474,588.6708860759494,50.40888030721491,10.305014947360947,5.294407890558097,41.953085100586534,10.97656090889465,49.21538413304338,15.724194058700292,0,0,12,0,46,0,0,0,0,0,0,0,24,0,0,1,0,19,41,0,0,0,3,0,146
WC2A,51.51551696382978,-0.11416806382978723,47,29,14,0,2,3,1,41,2,11,3,0,31,13,25,175,179.0,51.3966480446927,3.35195530726257,1.11731843575419,60.7329842931937,1.04712041884817,74.0112994350282,5.64971751412429,0,0,0,0,8,0,0,0,0,0,0,0,3,0,0,1,0,7,3,0,0,0,1,0,23
WC2B,51.514972489421154,-0.12135488043912175,501,384,31,42,44,17,6,164,0,54,26,17,143,188,125,1241,372.75,49.83239158017885,11.858420996717266,4.247184078669896,35.725578101674465,14.135739576743813,52.4192862987147,13.628530452822423,0,0,6,0,20,0,0,0,0,0,0,0,16,0,0,0,0,9,21,0,0,0,1,0,73
WC2E,51.51194377050938,-0.12300869758713137,373,253,23,19,35,18,2,363,2,44,25,134,376,37,129,1460,247.0,44.32432432432435,20.7993099482461,3.45929516142282,43.603928876465545,20.766363848124872,61.994190705128204,11.525106837606849,0,0,8,0,31,0,0,0,0,0,0,0,18,0,0,0,0,12,89,0,0,0,0,0,158
WC2H,51.514179377629986,-0.12732817424425635,827,440,35,33,61,86,3,487,2,90,119,109,551,38,270,2324,373.375,49.80362000908036,10.186510573397356,3.9657628598851327,37.70703444672448,11.763661928762446,54.575540802056,12.667586766466796,0,0,17,0,42,0,0,0,0,0,0,0,30,0,0,0,0,14,82,0,0,0,0,0,185
WC2N,51.50907948978261,-0.12426346173913043,460,644,67,62,142,369,12,522,44,286,312,83,420,32,611,3606,1078.8,61.84668880160966,5.574056734235894,3.4007178272556815,56.51005159476891,6.475250763979126,71.6718012219564,6.362950549907653,0,0,17,0,52,0,0,0,0,0,0,0,41,0,0,3,0,23,75,0,0,0,0,0,211
WC2R,51.51181092802691,-0.11644703968609865,446,363,120,38,33,114,4,289,8,59,143,15,149,34,243,1612,782.5,52.387238068270776,8.004873945211118,2.5253806019412526,49.90420541277166,9.221919200383821,52.893783390821774,10.306501549849427,0,0,15,0,31,0,0,0,0,0,0,0,24,0,0,2,0,14,36,0,0,0,4,0,126
